id;name;email;hashed_password;apikey;created_data
1;User 1;updateduser@example.com;hashed_password_1;apikey_1;13.12.2024 12:35
2;User 2;user2@example.com;hashed_password_2;apikey_2;13.12.2024 12:35
3;User 3;user3@example.com;hashed_password_3;apikey_3;13.12.2024 12:35
4;User 4;user4@example.com;hashed_password_4;apikey_4;13.12.2024 12:35
5;User 5;user5@example.com;hashed_password_5;apikey_5;13.12.2024 12:35
6;User 6;user6@example.com;hashed_password_6;apikey_6;13.12.2024 12:35
7;User 7;user7@example.com;hashed_password_7;apikey_7;13.12.2024 12:35
8;User 8;user8@example.com;hashed_password_8;apikey_8;13.12.2024 12:35
11;User 11;user11@example.com;hashed_password_11;apikey_11;13.12.2024 12:35
12;User 12;user12@example.com;hashed_password_12;apikey_12;13.12.2024 12:35
13;User 13;user13@example.com;hashed_password_13;apikey_13;13.12.2024 12:35
14;User 14;user14@example.com;hashed_password_14;apikey_14;13.12.2024 12:35
15;User 15;user15@example.com;hashed_password_15;apikey_15;13.12.2024 12:35
16;User 16;user16@example.com;hashed_password_16;apikey_16;13.12.2024 12:35
17;User 17;user17@example.com;hashed_password_17;apikey_17;13.12.2024 12:35
18;User 18;user18@example.com;hashed_password_18;apikey_18;13.12.2024 12:35
19;User 19;user19@example.com;hashed_password_19;apikey_19;13.12.2024 12:35
20;User 20;user20@example.com;hashed_password_20;apikey_20;13.12.2024 12:35
22;New User;newuser@example.com;hashed_password_new;apikey_new;13.12.2024 16:04
25;user;user123@gmail.com;qwerty123;apikey_29;NULL
